,SO2 Intensity,ln Green Patents,ln GDP per capita,Industry Ratio
SO2 Intensity,1.0,-0.6392545128662902,-0.613282729093733,0.4916897868743419
ln Green Patents,-0.6392545128662902,1.0,0.9418491721635628,-0.2716071680069605
ln GDP per capita,-0.613282729093733,0.9418491721635628,1.0,-0.2281585302072192
Industry Ratio,0.4916897868743419,-0.2716071680069605,-0.2281585302072192,1.0
