,Mean,Std Dev,Min,Max
SO2 Emission Intensity,0.608082697947214,0.4146967654305758,0.05,1.5738
ln(Green Patents Total+1),2.986210557184751,1.1402705225747634,0.8471,5.5888
ln(Real Per Capita GDP),9.602833431085045,0.5019864210692346,8.6077,10.6209
Secondary Industry Ratio,0.4396146627565983,0.03689060484117463,0.3221,0.5435
